name,id,author,episode_count
Mommy Doomsday,1540849480,NBC News,7
Crime Junkie,1322200189,audiochuck,180
The Daily,1200361736,The New York Times,1158
Dateline NBC,1464919521,NBC News,334
The Ben Shapiro Show,1047335260,The Daily Wire,350
The Bible in a Year (with Fr. Mike Schmitz),1539568321,Ascension Catholic Faith Formation,72
Unsolved Mysteries,1549903604,"Cosgrove Meurer Productions, Inc. + Cadence13",4
Up First,1222114325,NPR,6
Astray,1552069504,iHeartRadio,2
Against The Odds,1553335461,Wondery,4
Human Hope with Carlos Whittaker,1249486443,That Sounds Fun Network,8
Stuff You Should Know,278981407,iHeartRadio,1668
The Ramsey Show,77001367,Ramsey Network,120
La Brega,1553089886,WNYC Studios and Futuro Studios,16
Office Ladies,1480311435,Earwolf & Jenna Fischer and Angela Kinsey,73
The Office Deep Dive with Brian Baumgartner,1550331348,iHeartRadio,6
In Plain Sight: Lady Bird Johnson,1554132477,ABC News,3
The Ezra Klein Show,1548604447,New York Times Opinion,13
Anatomy of Murder,1532894981,audiochuck,24
The Dan Le Batard Show with Stugotz,934820588,"Dan Le Batard, Stugotz",140
The Dan Bongino Show,965293227,Westwood One Podcast Network / Dan Bongino,1041
Serial,917918570,This American Life,40
This American Life,201671138,This American Life,10
Embedded,1091709555,NPR,75
Unlocking Us with Brené Brown,1494350511,Parcast Network,4
Hidden Brain,1028908750,Hidden Brain,315
This is Paris,1552058389,iHeartRadio & Paris Hilton,8
Fresh Air,214089682,NPR,50
The Opportunist,1551162705,Kast Media,5
Red Collar,1541330058,audiochuck,16
Consider This from NPR,1503226625,NPR,277
On Purpose with Jay Shetty,1450994021,Jay Shetty,215
Supernatural with Ashley Flowers,1500667648,Parcast Network,54
Sal and Chris Present: Hey Babe!,1542475843,No Presh Network,14
Planet Money,290783428,NPR,353
Serial Killers,1205030005,Parcast Network,254
The Rachel Maddow Show,294055449,"Rachel Maddow, MSNBC",13
Tom Talks,1543456877,YMH Studios,6
Cautionary Tales with Tim Harford,1484511465,Pushkin Industries,22
The NPR Politics Podcast,1057255460,NPR,977
I AM Athlete Podcast,1537836233,"Brandon Marshall, Chad Johnson, Fred Taylor, Channing Crowder",31
Unsolved Murders: True Crime Stories,1122804248,Parcast Network,253
Sway,1528594034,New York Times Opinion,53
Double Date with Marlo Thomas & Phil Donahue,1547645093,Pushkin Industries,2
Louder with Crowder,929121341,Blaze Podcast Network,270
The Daily Show With Trevor Noah: Ears Edition,1334878780,Comedy Central & iHeartRadio,951
2 Bears 1 Cave with Tom Segura & Bert Kreischer,1468013270,YMH Studios,71
The Breakfast Club,1232428553,iHeartRadio,1374
The Charlie Kirk Show,1460600818,Charlie Kirk,100
The Tim Ferriss Show,863897795,"Tim Ferriss: Bestselling Author, Human Guinea Pig",507
Nurture vs Nurture with Dr. Wendy Mogel,1549814799,Armchair Umbrella,5
Adam Carolla Show,306390087,PodcastOne / Carolla Digital,40
The Thing About Pam,1479234915,NBC News,9
Freakonomics Radio,354668519,Freakonomics Radio + Stitcher,572
How I Built This with Guy Raz,1150510297,NPR,324
True Crime Obsessed,1232009882,Obsessed Network,218
The Moth,275699983,The Moth,144
BiggerPockets Real Estate Podcast,594419649,BiggerPockets,454
The Jordan B. Peterson Podcast,1184022695,Dr. Jordan B. Peterson,159
The Way I Heard It with Mike Rowe,1087110764,Mike Rowe,190
The Simplified Podcast with Emily Ley,1553793022,Four Eyes Media,4
The Michael Knowles Show,1266577963,The Daily Wire,762
Revisionist History,1119389968,Pushkin Industries,79
Empty Inside,1524250628,Jennette McCurdy,22
The Glenn Beck Program,620967489,Blaze Podcast Network,1802
Get Sleepy: Sleep meditation and stories,1487513861,Get Sleepy,138
The Matt Walsh Show,1367210511,The Daily Wire,691
The Michelle Obama Podcast,1532956108,Higher Ground & Spotify,9
Mark Levin Podcast,209377688,Westwood One Podcast Network,903
Huberman Lab,1545953110,Dr. Andrew Huberman,10
The Candace Owens Show,1454587745,PragerU,72
TED Radio Hour,523121474,NPR,150
TED Talks Daily,160904630,TED,266
Motherhood Meets Medicine,1553782780,Lynzy Coughlin,3
Earn Your Leisure,1450211392,The Black Effect and iHeartRadio,162
I Spy,1482310665,Foreign Policy,24
American Scandal,1435516849,Wondery,120
The Bible Recap,1440833267,D-Group,847
The Pat McAfee Show 2.0,1435183458,Pat McAfee,368
Super Soul,1264843400,Oprah,317
Bridgerton: The Official Podcast,1551820452,Shondaland Audio & iHeartRadio,4
Radiolab,152249110,WNYC Studios,148
NPR News Now,121493675,NPR,1
UnF*ck Your Brain,1229434818,Kara Loewentheil,226
Ten Percent Happier with Dan Harris,1087147821,ABC News,403
The Jeff Dunham Podcast,1555769971,Jeff Dunham,1
Stuff You Missed in History Class,283605519,iHeartRadio,1609
Duolingo Spanish Podcast,1317493077,Duolingo,88
WorkLife with Adam Grant,1346314086,TED,35
Lex Fridman Podcast,1434243584,Lex Fridman,171
Sword and Scale True Crime,790487079,Incongruity,151
Coffee Convos Podcast with Kail Lowry & Lindsie Chrisley,1305546061,Kail Lowry & Lindsie Chrisley,152
Wow in the World,1233834541,NPR,327
Short Wave,1482575855,NPR,350
The Mindset Mentor,1033048640,Rob Dial and Kast Media,912
The Experiment,1549704404,The Atlantic and WNYC Studios,6
"The Doctor's Farmacy with Mark Hyman, M.D.",1382804627,Dr. Mark Hyman,318
Cold,1441595858,KSL Podcasts | Wondery,26
Even the Rich,1500477470,Wondery,54
Throughline,1451109634,NPR,114
20/20,987967575,ABC News,5
Dan Carlin's Hardcore History,173001861,Dan Carlin,11
Cults,1286818575,Parcast Network,217
The Journal.,1469394914,The Wall Street Journal & Gimlet,300
99% Invisible,394775318,Roman Mars,484
Tim Pool Daily Show,1362265400,Tim Pool,976
Nice White Parents,1524080195,Serial & The New York Times,6
The Indicator from Planet Money,1320118593,NPR,300
Bannon's War Room,1485351658,WarRoom.org,200
Global News Podcast,135067274,BBC World Service,52
Pivot,1073226719,New York Magazine,199
Lore,978052928,Aaron Mahnke and Grim & Mild,169
Allen v. Farrow Podcast,1554108046,HBO,2
Criminal,809264944,Criminal & Radiotopia,169
Joel Osteen Podcast,137254859,Joel Osteen,632
Wait Wait... Don't Tell Me!,121493804,NPR,20
WHOA That's Good Podcast,1433974017,Sadie Robertson,66
Revolutions,703889772,Mike Duncan,290
The Herd with Colin Cowherd,1042368254,iHeartRadio,2000
Made For This with Jennie Allen,1466667116,Jennie Allen,143
Unashamed with Phil & Jase Robertson,1460147025,Blaze Podcast Network,237
The School of Greatness,596047499,Lewis Howes,1080
The Investing for Beginners Podcast - Your Path to Financial Freedom,1210741497,Andrew Sather and Dave Ahern,193
Do No Harm,1537865727,Wondery | NBC News,10
WTOP’s American Nightmare Series,1461511691,WTOP | Hubbard Radio,17
Stuff They Don't Want You To Know,732915228,iHeartRadio,655
The Food That Built America,1551644089,The HISTORY Channel & OZY,6
The Happiness Lab with Dr. Laurie Santos,1474245040,Pushkin Industries,51
Marketplace,201853034,Marketplace,50
Nothing much happens; bedtime stories to help you sleep,1378040733,Curiouscast,82
Verdict with Ted Cruz,1495601614,Ted Cruz,70
REAL AF with Andy Frisella,1012570406,Andy Frisella #100to0,420
The Vanished Podcast,1081124929,Wondery,252
Mad Money w/ Jim Cramer,147247199,CNBC,786
Up and Vanished,1140596919,Tenderfoot TV,104
Motive for Murder,1510365500,NBC News,9
Serendipity With Inky Johnson,1553377190,The Resonance Network,2
Crime Stories with Nancy Grace,1193068130,Crime Online & iHeartRadio,1826
Code Switch,1112190608,NPR,274
Conspiracy Theories,1337195586,Parcast Network,202
In the Dark,1148175292,APM Reports,43
Motley Fool Money,306106212,The Motley Fool,672
CLEANING UP THE MENTAL MESS with Dr. Caroline Leaf,1334767397,Dr. Caroline Leaf,259
The Steam Room,1490924360,Turner Sports,46
On Purpose with Jay Shetty,1450994021,Jay Shetty,215
TED Talks Daily,160904630,TED,266
AMPD Creative Industry Podcast with Nasty C,1525254543,AMPD STUDIOS by Old Mutual,29
Super Soul,1264843400,Oprah,317
The Daily Show With Trevor Noah: Ears Edition,1334878780,Comedy Central & iHeartRadio,951
The Money Show,1072307993,Primedia Broadcasting,100
VT Podcast “Ideas That Matter”,1540543705,Sound and Sounds,18
Elevation with Steven Furtick,216015753,Elevation Church,147
Joel Osteen Podcast,137254859,Joel Osteen,632
Global News Podcast,135067274,BBC World Service,52
Major League Djz,1486896400,MajorLeague Djz,9
Behind The Edit,1556449891,The Local Edit,1
Our Love Journey With Mpoomy & Brenden,1529419354,Our Love Journey,14
The Mindset Mentor,1033048640,Rob Dial and Kast Media,912
True Crime South Africa,1469703618,True Crime South Africa,84
The Jordan B. Peterson Podcast,1184022695,Dr. Jordan B. Peterson,159
Stuff You Should Know,278981407,iHeartRadio,1668
CLEANING UP THE MENTAL MESS with Dr. Caroline Leaf,1334767397,Dr. Caroline Leaf,259
The Robin Sharma Mastery Sessions,1068207118,Robin Sharma,90
The Tim Ferriss Show,863897795,"Tim Ferriss: Bestselling Author, Human Guinea Pig",507
Crime Junkie,1322200189,audiochuck,180
Business Wars,1335814741,Wondery,293
Noxious Deejay Podcast,921359216,Noxious Deejay,96
Musique & Life,1440251673,Chymamusique,11
Office Ladies,1480311435,Earwolf & Jenna Fischer and Angela Kinsey,73
We Study Billionaires - The Investor’s Podcast Network,928933489,The Investor's Podcast Network,356
KnightSA89 - MidTempo Sessions Uploads,1512102345,KnightSA89,17
Unlocking Us with Brené Brown,1494350511,Parcast Network,4
Woman Evolve with Sarah Jakes Roberts,1316294579,Woman Evolve with Sarah Jakes Roberts,100
The Daily,1200361736,The New York Times,1158
Cautionary Tales with Tim Harford,1484511465,Pushkin Industries,22
Kwik Brain with Jim Kwik,1208024744,"Jim Kwik, Your Brain Coach, Founder www.KwikLearning.com",220
Mommy Doomsday,1540849480,NBC News,7
Astray,1552069504,iHeartRadio,2
MoneywebNOW,1511485972,Moneyweb Radio,150
DJ PH,1466064652,DJ PH,10
Djy Jaivane,1522318033,Djy Jaivane,15
Joyce Meyer Radio Podcast,152564333,Joyce Meyer,21
Economist Radio,151230264,The Economist,1911
This is Paris,1552058389,iHeartRadio & Paris Hilton,8
Get Sleepy: Sleep meditation and stories,1487513861,Get Sleepy,138
Against The Odds,1553335461,Wondery,4
The Michelle Obama Podcast,1532956108,Higher Ground & Spotify,9
TED Business,470622782,TED,22
Serial Killers,1205030005,Parcast Network,254
Deeper Shades of House - weekly Deep House Podcast with Lars Behrenroth,205578441,Lars Behrenroth,384
How I Built This with Guy Raz,1150510297,NPR,324
No Such Thing As A Fish,840986946,No Such Thing As A Fish,386
"Rich Dad Radio Show: In-Your-Face Advice on Investing, Personal Finance, & Starting a Business",833641766,The Rich Dad Radio Network,306
Transformation Church,1348831124,Transformation Church,183
Texx Talks,1501735272,Texx Talks,44
The Lebo Lion Podcast,1397427305,Lebo Lion,30
Don't Shoot The Messenger,1504738445,Daily Maverick,22
BlackMusic Experience,1508391516,JazziDisciples,2
The School of Greatness,596047499,Lewis Howes,1080
dj maphorisa's Podcast,1484003537,dj maphorisa,6
Sadhguru,347854569,Sadhguru Official,542
Honey I’m Home,1551459171,Thando Au,6
Africa Daily,1547235591,BBC World Service,36
Bread4Soul Sessions,971122157,Sir LSG,44
WHOA That's Good Podcast,1433974017,Sadie Robertson,66
The Fantastic History Of Food,1470375638,Nick Charlie Key,24
WorkLife with Adam Grant,1346314086,TED,35
Hidden Brain,1028908750,Hidden Brain,315
BibleProject,1050832450,BibleProject,240
A Bit of Optimism,1515385282,Simon Sinek,27
This American Life,201671138,This American Life,10
The Tony Robbins Podcast,1098413063,Tony Robbins,100
Freakonomics Radio,354668519,Freakonomics Radio + Stitcher,572
The Bible in a Year (with Fr. Mike Schmitz),1539568321,Ascension Catholic Faith Formation,72
Impact Theory with Tom Bilyeu,1191775648,Tom Bilyeu,774
UnF*ck Your Brain,1229434818,Kara Loewentheil,226
CHARLI AND DIXIE: 2 CHIX,1531221910,Ramble and Charli and Dixie D’Amelio,19
The Here We Go Podcast,1554785643,Here We Go,8
Kota Embassy Podcasts,1521841754,Kota Embassy,5
MZANSI DEEP- Soulful & Deep House Sessions,1141941405,Terence Rhoda & DJ Naid,234
The Rich Roll Podcast,582272991,Rich Roll,585
The Potter's Touch on Lightsource.com,364682371,Bishop T.D. Jakes,14
Dateline NBC,1464919521,NBC News,334
Cults,1286818575,Parcast Network,217
Tiny Desk Concerts - Audio,657476401,NPR,300
The Intelligence,1449631195,The Economist,539
Sideways,1552027709,BBC Radio 4,5
Real Dictators,1516194847,Noiser Podcasts,18
Serial,917918570,This American Life,40
Oprah’s Master Class: The Podcast,1401057414,Oprah,48
The Potter's Touch,538401206,Bishop T.D. Jakes,90
The Ramsey Show,77001367,Ramsey Network,120
Shaun101's Podcast,1505786417,Shaun101,26
Rotten Mango,1517954480,Stephanie Soo & Audioboom,54
BizNews Radio,1441394221,BizNews,150
"Soul Deep Sessions - ""House Made Sexy""",470846331,Mush,25
Duolingo Spanish Podcast,1317493077,Duolingo,88
Revisionist History,1119389968,Pushkin Industries,79
Chica Travel with Lelo,1468107412,Podcast Studio,52
Motivational and Inspirational,1493479119,Motivation And Inspiration,68
Honest Money,1495053060,Warren Ingram,55
The Ben Shapiro Show,1047335260,The Daily Wire,350
The BossBabe Podcast,1453389736,BossBabe,153
Unsolved Murders: True Crime Stories,1122804248,Parcast Network,253
JSE Direct with Simon Brown,962733842,JustOneLap.com,100
That Will Never Work,1550777106,Marc Randolph,5
Making Sense with Sam Harris,733163012,Sam Harris,246
Morning Mindset Daily Christian Devotional,1322666339,Carey Green,1269
Daily Meditation Podcast,892107837,Mary Meckley,1567
Huberman Lab,1545953110,Dr. Andrew Huberman,10
Amapiano,1521469332,Teebest Fisha,1
Lex Fridman Podcast,1434243584,Lex Fridman,171
The John Maxwell Leadership Podcast,1416206538,John Maxwell,172
GoodMusicThursdays Podcast,1530452735,GoodMusicThursdays Podcast,60
Conversations with John & Lisa Bevere,218453800,"John & Lisa Bevere, Messenger Network",172
AMAPIANO PANDEMIC,1512968943,African Jackson,28
Bulletproof Radio,451295014,Dave Asprey,815
Today in Focus,1440133626,The Guardian,200
The Oprah Winfrey Show: The Podcast,1499860465,The Oprah Winfrey Show: The Podcast,64
TED-Ed: Lessons Worth Sharing,1039991663,TED,97
Modern Love,1065559535,The New York Times,258
Nuus met Spies,1555203383,Mia Spies & Volume,2
"Feel Better, Live More with Dr Rangan Chatterjee",1333552422,Dr Rangan Chatterjee: GP & Author,163
Craig Groeschel Leadership Podcast,1070649025,Life.Church,88
Therapy for Black Girls,1223803641,"Joy Harden Bradford, Ph.D. & iHeartRadio",205
The Official Fantasy Premier League Podcast,1475466071,Premier League,67
Darknet Diaries,1296350485,Jack Rhysider,86
Deep House Cats - SA,1128343449,Deep House Cats - SA,148
Prompt Us,1550666283,iHeartRadio,3
The Potter's House At One LA,1039481487,The Potter's House At One LA,102
Fistaz Mixwell,1292363943,Fistaz Mixwell,42
The Psychology Podcast with Scott Barry Kaufman,942777522,Scott Barry Kaufman,238
The Mindvalley Podcast with Vishen Lakhiani,1317823455,Mindvalley,264
For the Girl,1453911226,For The Girl,64
The Proverbs 31 Ministries Podcast,757953988,Proverbs 31 Ministries,79
The Laverne Cox Show,1547504297,iHeartRadio & Shondaland Audio,6
Phoebe Reads a Mystery,1503921457,Criminal & Radiotopia,309
GeeGo Live,1482332890,GeeGo,209
Oprah and Eckhart Tolle: A NEW EARTH,1458654443,Oprah and Eckhart Tolle,10
Abraham Hicks Daily,1501213645,Abraham Hicks,375
Coaching Real Leaders,1545444200,HBR Presents / Muriel Wilkins,9
The goop Podcast,1352546554,"Goop, Inc. and Cadence13",281
Personal Finance with Warren Ingram,1075744322,Primedia Broadcasting,100
The Documentary Podcast,73802620,BBC World Service,300
Red Collar,1541330058,audiochuck,16
Masters of Scale with Reid Hoffman,1227971746,WaitWhat,163
Happy Place,1353058891,Fearne Cotton,100
The Art of Being Well,1539535133,"Dear Media, Will Cole",10
99% Invisible,394775318,Roman Mars,484
The Messy Masterpiece with Tori & Chad,1545841764,Tori & Chad,67
Pivot,1073226719,New York Magazine,199
Rabbit Hole,1507423923,The New York Times,9
The Bible Recap,1440833267,D-Group,847
Science Vs,1051557000,Gimlet,143
Jordan Peterson Archive,1462681901,Jordan Peterson,89
Dr. Joe Dispenza Audio Experience,1457336351,Dr. Joe Dispenza,1
Duolingo French Podcast,1466824259,Duolingo,42
Desert Island Discs,342735925,BBC Radio 4,300
Grounded with Louis Theroux,1508985962,BBC Radio 4,22
Pastor Rick's Daily Hope,631094342,PastorRick.com,163
The Daily Mastery Podcast by Robin Sharma,1521068608,Robin Sharma,179
TED Health,470623173,TED,22
Jumpers Jump,1541777977,Jumpers Jump Podcast,14
Equip and Empower with Christine Caine,1512546904,AccessMore,85
"The Secret To Success with CJ, Karl, Jemal & Eric Thomas",844102142,The Resonance Network,287
Timothy Keller Sermons Podcast by Gospel in Life,352660924,Tim Keller,100
Joseph Prince Audio Podcast,334204277,Joseph Prince,12
TheDopeAssPodcast,1550649360,the dope ass podcast,8
Pretty Basic with Alisha Marie and Remi Cruz,1439655378,Ramble,112
On Being with Krista Tippett,150892556,On Being Studios,859
Lore,978052928,Aaron Mahnke and Grim & Mild,169
Conversations,94688506,ABC Radio,250
Hamish & Andy,213334232,LiSTNR,122
Against The Odds,1553335461,Wondery,4
Mamamia Out Loud,928350893,Mamamia Podcasts,620
Australian True Crime,1217681421,Smart Fella,205
The Quicky,1451469361,Mamamia Podcasts,506
Mommy Doomsday,1540849480,NBC News,7
Living your best life Podcast,1503645220,livingyourbestlifewithabbeanderin,23
Coronacast,1501500390,ABC News,250
She's On The Money,1468033698,Victoria Devine,82
7am,1461999702,Schwartz Media,441
The Daily,1200361736,The New York Times,1158
Skincare School,1552975779,Adore Beauty,4
The Breakdown,1554973779,The Australian,1
Crime Junkie,1322200189,audiochuck,180
Stuff You Should Know,278981407,iHeartRadio,1668
Something To Talk About with Samantha Armytage,1553858670,Stellar,3
Grounded with Louis Theroux,1508985962,BBC Radio 4,22
Full Story,1482061243,The Guardian,199
True Crime Conversations,1469153910,Mamamia Podcasts,91
Cautionary Tales with Tim Harford,1484511465,Pushkin Industries,22
The Imperfects,1476501557,"Hugh van Cuylenburg, Ryan Shelton & Josh van Cuylenburg",18
The Pop Test – A comedy science quiz,1550543719,ABC Radio,7
Life Uncut,1472126503,Brittany Hockley and Laura Byrne,111
How It Happened,1549225698,Axios,6
No Filter,995159486,Mamamia Podcasts,355
The Howie Games,1146329262,LiSTNR,215
The Kyle & Jackie O Show,413046628,iHeartRadio Australia & KIIS,400
Mapping Evil with Mike King,1555243483,BGT Productions,2
Do You F*****g Mind?,1502954097,Alexis Fernandez,44
Please Explain,1436450976,The Age and Sydney Morning Herald,100
The Tim Ferriss Show,863897795,"Tim Ferriss: Bestselling Author, Human Guinea Pig",507
Unlocking Us with Brené Brown,1494350511,Parcast Network,4
The Party Room,1102298716,ABC Radio,50
Lady Startup Stories,1361401612,Mamamia Podcasts,83
On Purpose with Jay Shetty,1450994021,Jay Shetty,215
Brett Finch Uncensored,1533612473,Brett Finch,21
The Signal,1349523628,ABC Radio,250
Australian Birth Stories,1242155321,Sophie Walker,100
Equity Mates Investing Podcast,1212097275,Equity Mates Media,349
Dr Karl Podcast,73331325,triple j,185
This is Paris,1552058389,iHeartRadio & Paris Hilton,8
Just the Gist,1474052266,LiSTNR,73
The Briefing,1507116817,LiSTNR,234
The Mindset Mentor,1033048640,Rob Dial and Kast Media,912
Chat 10 Looks 3,936653355,Chat 10 Looks 3,157
The Matty Johns Podcast,1117246594,Daily Telegraph,99
Global News Podcast,135067274,BBC World Service,52
Squiz Today,1385995581,Squiz Media,720
No Such Thing As A Fish,840986946,No Such Thing As A Fish,386
Huberman Lab,1545953110,Dr. Andrew Huberman,10
The Nurse,1533629268,Camille Bianchi,12
TED Talks Daily,160904630,TED,266
Serial,917918570,This American Life,40
The Daily Aus,1552309889,The Daily Aus,16
Collapse,1550688418,Stuff,7
This American Life,201671138,This American Life,10
Hamish & Andy’s Remembering Project,1534252348,LiSTNR,21
Background Briefing,73330306,ABC Radio,49
The Jordan B. Peterson Podcast,1184022695,Dr. Jordan B. Peterson,159
Super Soul,1264843400,Oprah,317
Serial Killers,1205030005,Parcast Network,254
Dateline NBC,1464919521,NBC News,334
All In The Mind,73330911,ABC Radio,100
The Rise & Conquer Podcast,1451864362,Georgie Stevenson,150
Dyl & Friends,1417124389,FRIENDS CLUB,82
Who the Hell is Hamish?,1451470931,The Australian,13
The Spill,1473523403,Mamamia Podcasts,410
Jase & PJ,1332566161,iHeartRadio Australia & KIIS,400
American Scandal,1435516849,Wondery,120
Even the Rich,1500477470,Wondery,54
You Cannot Be Serious,1474582435,Sam Newman Mike Sheahan Don Scott,100
How I Built This with Guy Raz,1150510297,NPR,324
Beauty IQ Uncensored,1478211900,Adore Beauty,104
Sideways,1552027709,BBC Radio 4,5
"Feel Better, Live More with Dr Rangan Chatterjee",1333552422,Dr Rangan Chatterjee: GP & Author,163
UnF*ck Your Brain,1229434818,Kara Loewentheil,226
Lex Fridman Podcast,1434243584,Lex Fridman,171
Brooke & Linda's Dream Club,1553862476,LiSTNR,3
Late Night Live - Full program podcast,73330961,ABC Radio,60
Hack,78995043,triple j,249
Beyond The Bump,1484930949,Beyond The Bump,64
Life and Crimes with Andrew Rule,1260800644,Herald Sun,175
You're Dead To Me,1479973402,BBC Radio 4,55
The Property Couch,969904333,Bryce Holdaway & Ben Kingsley,397
Fast Pace with Josh Phegan and Dean Mackie,1554782191,"Josh Phegan - Real Estate Trainer, speaker, coach.",1
The Rush Hour Melbourne Catch Up - 105.1 Triple M Melbourne - James Brayshaw and Billy Brownless,360804281,Triple M,100
Comedian v Economist,1539790170,Equity Mates Media,17
Business Wars,1335814741,Wondery,293
Bang On,1210989839,Double J,168
Making Sense with Sam Harris,733163012,Sam Harris,246
99% Invisible,394775318,Roman Mars,484
my millennial money,1384819415,SYMO interactive,261
NSW Police State Crime Command – Investigations,1524599320,LiSTNR,11
You Beauty,1427018681,Mamamia Podcasts,271
Linda Marigliano's Tough Love,1546324192,Linda Marigliano,5
Ordineroli Speaking,1500848514,Neroli Meadows,13
Dr Justin Coulson's Happy Families,1082244480,Dr Justin Coulson,217
SEN Breakfast,1198117246,SEN,400
Get Sleepy: Sleep meditation and stories,1487513861,Get Sleepy,138
The Marty Sheargold Show  - Triple M Melbourne 105.1,329902285,Triple M,86
Hidden Brain,1028908750,Hidden Brain,315
"Parental As Anything, with Maggie Dent",1464488062,ABC Radio,36
The Teacher's Pet,1385379989,The Australian,19
The Battersea Poltergeist,1548946506,BBC Radio 4,12
This Glorious Mess,981373142,Mamamia Podcasts,400
Darknet Diaries,1296350485,Jack Rhysider,86
Get Started Investing,1484760064,Equity Mates Media,33
AFL Exchange,637433286,AFL,254
Australian Politics,1109943717,The Guardian,172
Motley Fool Money,1118867383,LiSTNR,380
Days Like These,1534672561,ABC Radio,19
The Ben Shapiro Show,1047335260,The Daily Wire,350
"Kate, Tim and Joel",344869087,Nova Podcasts,1702
The Hook Up,1080505022,triple j,250
The Money Cafe with Kirby and Kohler,1201031401,The Australian,199
Freakonomics Radio,354668519,Freakonomics Radio + Stitcher,572
Trace,1249219269,ABC Radio,19
Big Ideas,164330831,ABC Radio,200
WorkLife with Adam Grant,1346314086,TED,35
Office Ladies,1480311435,Earwolf & Jenna Fischer and Angela Kinsey,73
In Plain Sight: Lady Bird Johnson,1554132477,ABC News,3
In Our Time,73330895,BBC Radio 4,300
The Dropout,1449500734,ABC News,8
AFL Fantasy with The Traders,842419860,AFL,400
Life Matters - Full program podcast,73330343,ABC Radio,50
Australian Finance Podcast,1454193127,Rask Australia,93
KIC POD,1457667995,Keep It Cleaner,84
History Extra podcast,256580326,Immediate Media,969
The School of Greatness,596047499,Lewis Howes,1080
The Rich Roll Podcast,582272991,Rich Roll,585
Matt and Alex - All Day Breakfast,1508927190,LiSTNR,255
Sword and Scale True Crime,790487079,Incongruity,151
Dan Carlin's Hardcore History,173001861,Dan Carlin,11
Criminal,809264944,Criminal & Radiotopia,169
Red Collar,1541330058,audiochuck,16
Duchess,1551120994,OneFinePlay,6
Heaven Bent,1513489117,Tara Jean Stevens / Frequency Podcast Network,11
Dolly Parton's America,1481398762,WNYC Studios & OSM Audio,12
Loose Units: The Podcast,1445344726,Pillow Talk Productions,147
"Chrissie, Sam and Browny",1076207687,Nova Podcasts,1423
Rabbit Hole,1507423923,The New York Times,9
Sadhguru,347854569,Sadhguru Official,542
Gita For Daily Living,584092091,Neil Bhatt,250
TED Talks Daily,160904630,TED,266
Maed in India,1009197596,Maed in India,342
On Purpose with Jay Shetty,1450994021,Jay Shetty,215
"Think Fast, Talk Smart: Communication Techniques.",1494989268,Stanford GSB,29
Unofficial Sources,1548244887,The Ken,5
Finshots Daily,1532901566,Finshots,147
6 Minute Vocabulary,1036379102,BBC Radio,43
The Ranveer Show,1490896085,BeerBiceps aka Ranveer Allahbadia,99
What's Up Sister?,1554876547,What's up Sister,3
Practically Gita,1548187636,WYN Studio,22
The Cipher,1543887425,BBC Radio,11
Old Hindi Songs's show,1548383228,Hindu Epics,66
2000 Books for Ambitious Entrepreneurs - Author Interviews and Book Summaries,1119439036,Mani Vaya,283
Daily Motivation Podcast,1035148051,Daily Motivation Podcast,211
The Stories of Mahabharata,888135469,Sudipta Bhawmik,60
The History of India Podcast,1041684187,Kit Patrick,142
The Intelligence,1449631195,The Economist,539
The Habit Coach with Ashdin Doctor,1445665622,IVM Podcasts,414
The Tastes of India Podcast in Hindi : Healthy Living Tips and Cookery Show,1039644241,"Puja - Blogger, Home Business Owner, Self Proclaimed Cook",148
Little Stories for Tiny People: Anytime and bedtime stories for kids,1039511252,Rhea Pechter,87
Brewing Talks,1552164995,Ep.Log Media,5
Akashavani English News,1536206996,All India Radio,26
Little Explorers - Countries In The World,1549390988,Chimes Radio,42
Zerodha Educate,1448599498,Zerodha,33
Sandeep Maheshwari Motivation,1549822234,Sandeep Maheshwari,38
The Mindvalley Podcast with Vishen Lakhiani,1317823455,Mindvalley,264
The Daily Mastery Podcast by Robin Sharma,1521068608,Robin Sharma,179
We Study Billionaires - The Investor’s Podcast Network,928933489,The Investor's Podcast Network,356
Behind Every Dream,1550874620,Shivani Bafna,5
Moneycontrol Podcast,1340196987,moneycontrol,400
Naval,1454097755,Naval,74
The Big Story,1437983503,The Quint,400
The English We Speak,262026989,BBC Radio,300
Modern Love,1065559535,The New York Times,258
3 Things,1406730235,The Indian Express,400
Is Romance Dead?,1534542817,Maed in India,9
The Documentary Podcast,73802620,BBC World Service,300
The GaryVee Audio Experience,928159684,Gary Vaynerchuk,1804
In Focus by The Hindu,1494440867,The Hindu,233
The Great Indian Marketing Show,1542664721,Aadil Bandukwala & Kaushik Satish,10
The Daily Show With Trevor Noah: Ears Edition,1334878780,Comedy Central & iHeartRadio,951
Cementing Wedding With Marriage - ( Marathi Podcast),1552604499,NACHIKET KSHIRE & LEENA PARANJPE,6
BloombergQuint All You Need To Know,1440116479,IVM Podcasts,827
Global News Podcast,135067274,BBC World Service,52
The Passion People Podcast,1206967377,Ep.Log Media,84
The Musafir Stories - India Travel Podcast,1209849464,Saif & Faiza,99
Red FM Bauaa,1118875240,Red FM,100
Cyrus Says,979118845,IVM Podcasts,650
HBR IdeaCast,152022135,Harvard Business Review,749
IELTS Podcast,524002915,Ben Worthington,10
Stuff You Should Know,278981407,iHeartRadio,1668
Waveform: The MKBHD Podcast,1474429475,Studio71,55
Kwik Brain with Jim Kwik,1208024744,"Jim Kwik, Your Brain Coach, Founder www.KwikLearning.com",220
PURIJAGANNADH,1522708820,Purijagannadh,180
The Tim Ferriss Show,863897795,"Tim Ferriss: Bestselling Author, Human Guinea Pig",507
Sidhu Oye Sidhu,1523324463,Music Crew,10
6 Minute Grammar,1080974028,BBC Radio,42
Economist Radio,151230264,The Economist,1911
UNKUT KRITIKA,1517640300,Kritika Khurana,21
Philosophize This!,659155419,Stephen West,151
The Mindset Mentor,1033048640,Rob Dial and Kast Media,912
The Seen and the Unseen - hosted by Amit Varma,1190896090,Amit Varma,216
Saregama Carvaan Classic Retro Music,1131144827,Saregama India Ltd,170
Vedanta and Yoga,160835381,"Ramakrishna Vedanta Society, Boston",426
The Daily,1200361736,The New York Times,1158
Bangalore In Stories,1547246790,PodMacha Studios,7
9XM Song Secret,1516770387,Ep.Log Media,41
Akashavani Hindi News,1536206642,All India Radio,18
TED Talks Education,470623037,TED,112
Daily Dose,1456761991,Newslaundry.com,656
Duolingo Spanish Podcast,1317493077,Duolingo,88
Prime Time with Ravish,1442530475,NDTV,10
Detective Mathema's Maths Puzzles for Kids,1184274374,Fun Kids,5
How I Built This with Guy Raz,1150510297,NPR,324
Coaching Real Leaders,1545444200,HBR Presents / Muriel Wilkins,9
Masters of Scale with Reid Hoffman,1227971746,WaitWhat,163
Unsolved Murders: True Crime Stories,1122804248,Parcast Network,253
RED FM LOVE STORY by RJ PAHI,1289643592,Red FM,39
name,id,Artist,episode_count
Mommy Doomsday,1540849480,NBC News,7
Crime Junkie,1322200189,audiochuck,180
The Daily,1200361736,The New York Times,1158
Dateline NBC,1464919521,NBC News,334
The Ben Shapiro Show,1047335260,The Daily Wire,350
The Bible in a Year (with Fr. Mike Schmitz),1539568321,Ascension Catholic Faith Formation,72
Unsolved Mysteries,1549903604,"Cosgrove Meurer Productions, Inc. + Cadence13",4
Up First,1222114325,NPR,6
Astray,1552069504,iHeartRadio,2
Against The Odds,1553335461,Wondery,4
Human Hope with Carlos Whittaker,1249486443,That Sounds Fun Network,8
Stuff You Should Know,278981407,iHeartRadio,1668
The Ramsey Show,77001367,Ramsey Network,120
La Brega,1553089886,WNYC Studios and Futuro Studios,16
Office Ladies,1480311435,Earwolf & Jenna Fischer and Angela Kinsey,73
The Office Deep Dive with Brian Baumgartner,1550331348,iHeartRadio,6
In Plain Sight: Lady Bird Johnson,1554132477,ABC News,3
The Ezra Klein Show,1548604447,New York Times Opinion,13
Anatomy of Murder,1532894981,audiochuck,24
The Dan Le Batard Show with Stugotz,934820588,"Dan Le Batard, Stugotz",140
The Dan Bongino Show,965293227,Westwood One Podcast Network / Dan Bongino,1041
Serial,917918570,This American Life,40
This American Life,201671138,This American Life,10
Embedded,1091709555,NPR,75
Unlocking Us with Brené Brown,1494350511,Parcast Network,4
Hidden Brain,1028908750,Hidden Brain,315
This is Paris,1552058389,iHeartRadio & Paris Hilton,8
Fresh Air,214089682,NPR,50
The Opportunist,1551162705,Kast Media,5
Red Collar,1541330058,audiochuck,16
Consider This from NPR,1503226625,NPR,277
On Purpose with Jay Shetty,1450994021,Jay Shetty,215
Supernatural with Ashley Flowers,1500667648,Parcast Network,54
Sal and Chris Present: Hey Babe!,1542475843,No Presh Network,14
Planet Money,290783428,NPR,353
Serial Killers,1205030005,Parcast Network,254
The Rachel Maddow Show,294055449,"Rachel Maddow, MSNBC",13
Tom Talks,1543456877,YMH Studios,6
Cautionary Tales with Tim Harford,1484511465,Pushkin Industries,22
The NPR Politics Podcast,1057255460,NPR,977
I AM Athlete Podcast,1537836233,"Brandon Marshall, Chad Johnson, Fred Taylor, Channing Crowder",31
Unsolved Murders: True Crime Stories,1122804248,Parcast Network,253
Sway,1528594034,New York Times Opinion,53
Double Date with Marlo Thomas & Phil Donahue,1547645093,Pushkin Industries,2
Louder with Crowder,929121341,Blaze Podcast Network,270
The Daily Show With Trevor Noah: Ears Edition,1334878780,Comedy Central & iHeartRadio,951
2 Bears 1 Cave with Tom Segura & Bert Kreischer,1468013270,YMH Studios,71
The Breakfast Club,1232428553,iHeartRadio,1374
The Charlie Kirk Show,1460600818,Charlie Kirk,100
The Tim Ferriss Show,863897795,"Tim Ferriss: Bestselling Author, Human Guinea Pig",507
Nurture vs Nurture with Dr. Wendy Mogel,1549814799,Armchair Umbrella,5
Adam Carolla Show,306390087,PodcastOne / Carolla Digital,40
The Thing About Pam,1479234915,NBC News,9
Freakonomics Radio,354668519,Freakonomics Radio + Stitcher,572
How I Built This with Guy Raz,1150510297,NPR,324
True Crime Obsessed,1232009882,Obsessed Network,218
The Moth,275699983,The Moth,144
BiggerPockets Real Estate Podcast,594419649,BiggerPockets,454
The Jordan B. Peterson Podcast,1184022695,Dr. Jordan B. Peterson,159
The Way I Heard It with Mike Rowe,1087110764,Mike Rowe,190
The Simplified Podcast with Emily Ley,1553793022,Four Eyes Media,4
The Michael Knowles Show,1266577963,The Daily Wire,762
Revisionist History,1119389968,Pushkin Industries,79
Empty Inside,1524250628,Jennette McCurdy,22
The Glenn Beck Program,620967489,Blaze Podcast Network,1802
Get Sleepy: Sleep meditation and stories,1487513861,Get Sleepy,138
The Matt Walsh Show,1367210511,The Daily Wire,691
The Michelle Obama Podcast,1532956108,Higher Ground & Spotify,9
Mark Levin Podcast,209377688,Westwood One Podcast Network,903
Huberman Lab,1545953110,Dr. Andrew Huberman,10
The Candace Owens Show,1454587745,PragerU,72
TED Radio Hour,523121474,NPR,150
TED Talks Daily,160904630,TED,266
Motherhood Meets Medicine,1553782780,Lynzy Coughlin,3
Earn Your Leisure,1450211392,The Black Effect and iHeartRadio,162
I Spy,1482310665,Foreign Policy,24
American Scandal,1435516849,Wondery,120
The Bible Recap,1440833267,D-Group,847
The Pat McAfee Show 2.0,1435183458,Pat McAfee,368
Super Soul,1264843400,Oprah,317
Bridgerton: The Official Podcast,1551820452,Shondaland Audio & iHeartRadio,4
Radiolab,152249110,WNYC Studios,148
NPR News Now,121493675,NPR,1
UnF*ck Your Brain,1229434818,Kara Loewentheil,226
Ten Percent Happier with Dan Harris,1087147821,ABC News,403
The Jeff Dunham Podcast,1555769971,Jeff Dunham,1
Stuff You Missed in History Class,283605519,iHeartRadio,1609
Duolingo Spanish Podcast,1317493077,Duolingo,88
WorkLife with Adam Grant,1346314086,TED,35
Lex Fridman Podcast,1434243584,Lex Fridman,171
Sword and Scale True Crime,790487079,Incongruity,151
Coffee Convos Podcast with Kail Lowry & Lindsie Chrisley,1305546061,Kail Lowry & Lindsie Chrisley,152
Wow in the World,1233834541,NPR,327
Short Wave,1482575855,NPR,350
The Mindset Mentor,1033048640,Rob Dial and Kast Media,912
The Experiment,1549704404,The Atlantic and WNYC Studios,6
"The Doctor's Farmacy with Mark Hyman, M.D.",1382804627,Dr. Mark Hyman,318
Cold,1441595858,KSL Podcasts | Wondery,26
Even the Rich,1500477470,Wondery,54
Throughline,1451109634,NPR,114
20/20,987967575,ABC News,5
Dan Carlin's Hardcore History,173001861,Dan Carlin,11
Cults,1286818575,Parcast Network,217
The Journal.,1469394914,The Wall Street Journal & Gimlet,300
99% Invisible,394775318,Roman Mars,484
Tim Pool Daily Show,1362265400,Tim Pool,976
Nice White Parents,1524080195,Serial & The New York Times,6
The Indicator from Planet Money,1320118593,NPR,300
Global News Podcast,135067274,BBC World Service,52
Pivot,1073226719,New York Magazine,199
Lore,978052928,Aaron Mahnke and Grim & Mild,169
Allen v. Farrow Podcast,1554108046,HBO,2
Criminal,809264944,Criminal & Radiotopia,169
Joel Osteen Podcast,137254859,Joel Osteen,632
Wait Wait... Don't Tell Me!,121493804,NPR,20
WHOA That's Good Podcast,1433974017,Sadie Robertson,66
Revolutions,703889772,Mike Duncan,290
The Herd with Colin Cowherd,1042368254,iHeartRadio,2000
Made For This with Jennie Allen,1466667116,Jennie Allen,143
Unashamed with Phil & Jase Robertson,1460147025,Blaze Podcast Network,237
The School of Greatness,596047499,Lewis Howes,1080
The Investing for Beginners Podcast - Your Path to Financial Freedom,1210741497,Andrew Sather and Dave Ahern,193
Do No Harm,1537865727,Wondery | NBC News,10
WTOP’s American Nightmare Series,1461511691,WTOP | Hubbard Radio,17
Stuff They Don't Want You To Know,732915228,iHeartRadio,655
The Food That Built America,1551644089,The HISTORY Channel & OZY,6
The Happiness Lab with Dr. Laurie Santos,1474245040,Pushkin Industries,51
Marketplace,201853034,Marketplace,50
Nothing much happens; bedtime stories to help you sleep,1378040733,Curiouscast,82
Verdict with Ted Cruz,1495601614,Ted Cruz,70
REAL AF with Andy Frisella,1012570406,Andy Frisella #100to0,420
The Vanished Podcast,1081124929,Wondery,252
Mad Money w/ Jim Cramer,147247199,CNBC,786
Up and Vanished,1140596919,Tenderfoot TV,104
Motive for Murder,1510365500,NBC News,9
Serendipity With Inky Johnson,1553377190,The Resonance Network,2
Crime Stories with Nancy Grace,1193068130,Crime Online & iHeartRadio,1826
Code Switch,1112190608,NPR,274
Conspiracy Theories,1337195586,Parcast Network,202
In the Dark,1148175292,APM Reports,43
Motley Fool Money,306106212,The Motley Fool,672
CLEANING UP THE MENTAL MESS with Dr. Caroline Leaf,1334767397,Dr. Caroline Leaf,259
The Steam Room,1490924360,Turner Sports,46
Mommy Doomsday,1540849480,NBC News,7
Crime Junkie,1322200189,audiochuck,180
The Daily,1200361736,The New York Times,1158
Dateline NBC,1464919521,NBC News,334
The Ben Shapiro Show,1047335260,The Daily Wire,350
The Bible in a Year (with Fr. Mike Schmitz),1539568321,Ascension Catholic Faith Formation,72
Unsolved Mysteries,1549903604,"Cosgrove Meurer Productions, Inc. + Cadence13",4
Up First,1222114325,NPR,6
Astray,1552069504,iHeartRadio,2
Against The Odds,1553335461,Wondery,4
Human Hope with Carlos Whittaker,1249486443,That Sounds Fun Network,8
Stuff You Should Know,278981407,iHeartRadio,1668
The Ramsey Show,77001367,Ramsey Network,120
La Brega,1553089886,WNYC Studios and Futuro Studios,16
Office Ladies,1480311435,Earwolf & Jenna Fischer and Angela Kinsey,73
The Office Deep Dive with Brian Baumgartner,1550331348,iHeartRadio,6
In Plain Sight: Lady Bird Johnson,1554132477,ABC News,3
The Ezra Klein Show,1548604447,New York Times Opinion,13
Anatomy of Murder,1532894981,audiochuck,24
The Dan Le Batard Show with Stugotz,934820588,"Dan Le Batard, Stugotz",140
The Dan Bongino Show,965293227,Westwood One Podcast Network / Dan Bongino,1041
Serial,917918570,This American Life,40
This American Life,201671138,This American Life,10
Embedded,1091709555,NPR,75
Unlocking Us with Brené Brown,1494350511,Parcast Network,4
Hidden Brain,1028908750,Hidden Brain,315
This is Paris,1552058389,iHeartRadio & Paris Hilton,8
Fresh Air,214089682,NPR,50
The Opportunist,1551162705,Kast Media,5
Red Collar,1541330058,audiochuck,16
Consider This from NPR,1503226625,NPR,277
On Purpose with Jay Shetty,1450994021,Jay Shetty,215
Supernatural with Ashley Flowers,1500667648,Parcast Network,54
Sal and Chris Present: Hey Babe!,1542475843,No Presh Network,14
Planet Money,290783428,NPR,353
Serial Killers,1205030005,Parcast Network,254
The Rachel Maddow Show,294055449,"Rachel Maddow, MSNBC",13
Tom Talks,1543456877,YMH Studios,6
Cautionary Tales with Tim Harford,1484511465,Pushkin Industries,22
The NPR Politics Podcast,1057255460,NPR,977
I AM Athlete Podcast,1537836233,"Brandon Marshall, Chad Johnson, Fred Taylor, Channing Crowder",31
Unsolved Murders: True Crime Stories,1122804248,Parcast Network,253
Sway,1528594034,New York Times Opinion,53
Double Date with Marlo Thomas & Phil Donahue,1547645093,Pushkin Industries,2
Louder with Crowder,929121341,Blaze Podcast Network,270
The Daily Show With Trevor Noah: Ears Edition,1334878780,Comedy Central & iHeartRadio,951
2 Bears 1 Cave with Tom Segura & Bert Kreischer,1468013270,YMH Studios,71
The Breakfast Club,1232428553,iHeartRadio,1374
The Charlie Kirk Show,1460600818,Charlie Kirk,100
The Tim Ferriss Show,863897795,"Tim Ferriss: Bestselling Author, Human Guinea Pig",507
Nurture vs Nurture with Dr. Wendy Mogel,1549814799,Armchair Umbrella,5
Adam Carolla Show,306390087,PodcastOne / Carolla Digital,40
The Thing About Pam,1479234915,NBC News,9
Freakonomics Radio,354668519,Freakonomics Radio + Stitcher,572
How I Built This with Guy Raz,1150510297,NPR,324
True Crime Obsessed,1232009882,Obsessed Network,218
The Moth,275699983,The Moth,144
BiggerPockets Real Estate Podcast,594419649,BiggerPockets,454
The Jordan B. Peterson Podcast,1184022695,Dr. Jordan B. Peterson,159
The Way I Heard It with Mike Rowe,1087110764,Mike Rowe,190
The Simplified Podcast with Emily Ley,1553793022,Four Eyes Media,4
The Michael Knowles Show,1266577963,The Daily Wire,762
Revisionist History,1119389968,Pushkin Industries,79
Empty Inside,1524250628,Jennette McCurdy,22
The Glenn Beck Program,620967489,Blaze Podcast Network,1802
Get Sleepy: Sleep meditation and stories,1487513861,Get Sleepy,138
The Matt Walsh Show,1367210511,The Daily Wire,691
The Michelle Obama Podcast,1532956108,Higher Ground & Spotify,9
Mark Levin Podcast,209377688,Westwood One Podcast Network,903
Huberman Lab,1545953110,Dr. Andrew Huberman,10
The Candace Owens Show,1454587745,PragerU,72
TED Radio Hour,523121474,NPR,150
TED Talks Daily,160904630,TED,266
Motherhood Meets Medicine,1553782780,Lynzy Coughlin,3
Earn Your Leisure,1450211392,The Black Effect and iHeartRadio,162
I Spy,1482310665,Foreign Policy,24
American Scandal,1435516849,Wondery,120
The Bible Recap,1440833267,D-Group,847
The Pat McAfee Show 2.0,1435183458,Pat McAfee,368
Super Soul,1264843400,Oprah,317
Bridgerton: The Official Podcast,1551820452,Shondaland Audio & iHeartRadio,4
Radiolab,152249110,WNYC Studios,148
NPR News Now,121493675,NPR,1
UnF*ck Your Brain,1229434818,Kara Loewentheil,226
Ten Percent Happier with Dan Harris,1087147821,ABC News,403
The Jeff Dunham Podcast,1555769971,Jeff Dunham,1
Stuff You Missed in History Class,283605519,iHeartRadio,1609
Duolingo Spanish Podcast,1317493077,Duolingo,88
WorkLife with Adam Grant,1346314086,TED,35
Lex Fridman Podcast,1434243584,Lex Fridman,171
Sword and Scale True Crime,790487079,Incongruity,151
Coffee Convos Podcast with Kail Lowry & Lindsie Chrisley,1305546061,Kail Lowry & Lindsie Chrisley,152
Wow in the World,1233834541,NPR,327
Short Wave,1482575855,NPR,350
The Mindset Mentor,1033048640,Rob Dial and Kast Media,912
The Experiment,1549704404,The Atlantic and WNYC Studios,6
"The Doctor's Farmacy with Mark Hyman, M.D.",1382804627,Dr. Mark Hyman,318
Cold,1441595858,KSL Podcasts | Wondery,26
Even the Rich,1500477470,Wondery,54
Throughline,1451109634,NPR,114
20/20,987967575,ABC News,5
Dan Carlin's Hardcore History,173001861,Dan Carlin,11
Cults,1286818575,Parcast Network,217
The Journal.,1469394914,The Wall Street Journal & Gimlet,300
99% Invisible,394775318,Roman Mars,484
Tim Pool Daily Show,1362265400,Tim Pool,976
Nice White Parents,1524080195,Serial & The New York Times,6
The Indicator from Planet Money,1320118593,NPR,300
Bannon's War Room,1485351658,WarRoom.org,200
Global News Podcast,135067274,BBC World Service,52
Pivot,1073226719,New York Magazine,199
Lore,978052928,Aaron Mahnke and Grim & Mild,169
Allen v. Farrow Podcast,1554108046,HBO,2
Criminal,809264944,Criminal & Radiotopia,169
Joel Osteen Podcast,137254859,Joel Osteen,632
Wait Wait... Don't Tell Me!,121493804,NPR,20
WHOA That's Good Podcast,1433974017,Sadie Robertson,66
Revolutions,703889772,Mike Duncan,290
The Herd with Colin Cowherd,1042368254,iHeartRadio,2000
Made For This with Jennie Allen,1466667116,Jennie Allen,143
Unashamed with Phil & Jase Robertson,1460147025,Blaze Podcast Network,237
The School of Greatness,596047499,Lewis Howes,1080
The Investing for Beginners Podcast - Your Path to Financial Freedom,1210741497,Andrew Sather and Dave Ahern,193
Do No Harm,1537865727,Wondery | NBC News,10
WTOP’s American Nightmare Series,1461511691,WTOP | Hubbard Radio,17
Stuff They Don't Want You To Know,732915228,iHeartRadio,655
The Food That Built America,1551644089,The HISTORY Channel & OZY,6
The Happiness Lab with Dr. Laurie Santos,1474245040,Pushkin Industries,51
Marketplace,201853034,Marketplace,50
Nothing much happens; bedtime stories to help you sleep,1378040733,Curiouscast,82
Verdict with Ted Cruz,1495601614,Ted Cruz,70
REAL AF with Andy Frisella,1012570406,Andy Frisella #100to0,420
The Vanished Podcast,1081124929,Wondery,252
Mad Money w/ Jim Cramer,147247199,CNBC,786
Up and Vanished,1140596919,Tenderfoot TV,104
Motive for Murder,1510365500,NBC News,9
Serendipity With Inky Johnson,1553377190,The Resonance Network,2
Crime Stories with Nancy Grace,1193068130,Crime Online & iHeartRadio,1826
Code Switch,1112190608,NPR,274
Conspiracy Theories,1337195586,Parcast Network,202
In the Dark,1148175292,APM Reports,43
Motley Fool Money,306106212,The Motley Fool,672
CLEANING UP THE MENTAL MESS with Dr. Caroline Leaf,1334767397,Dr. Caroline Leaf,259
The Steam Room,1490924360,Turner Sports,46
